dataset_id,sample_id,src_idx,dst_idx,src_cell_id,dst_cell_id,ligand,receptor,pathway,mechanism,distance_px,coexpr,causal_score,strength,score
simulation_data,sample0,387,1475,388,1476,LIG05,REC05,Synthetic,Secreted Signaling,45.09988784790039,2.2376937866210938,0.5528804659843445,0.9741417169570923,1.0
simulation_data,sample0,31,1475,32,1476,LIG05,REC05,Synthetic,Secreted Signaling,43.17406463623047,2.4369332790374756,0.5528804659843445,0.974100649356842,0.9999786615371704
simulation_data,sample0,31,699,32,700,LIG10,REC10,Synthetic,Secreted Signaling,44.59820556640625,3.2467195987701416,0.5387651920318604,0.9147516489028931,0.9692044854164124
simulation_data,sample0,100,699,101,700,LIG10,REC10,Synthetic,Secreted Signaling,39.560081481933594,3.2467195987701416,0.5387651920318604,0.9131648540496826,0.9683816432952881
simulation_data,sample0,84,699,85,700,LIG10,REC10,Synthetic,Secreted Signaling,36.878177642822266,3.0433053970336914,0.5387651920318604,0.912449300289154,0.968010663986206
simulation_data,sample0,511,699,512,700,LIG10,REC10,Synthetic,Secreted Signaling,34.0,3.0433053970336914,0.5387651920318604,0.9118914008140564,0.9677214026451111
simulation_data,sample0,247,699,248,700,LIG10,REC10,Synthetic,Secreted Signaling,33.83784866333008,1.794502854347229,0.5387651920318604,0.9112308621406555,0.9673787951469421
