dataset_id,sample_id,src_idx,dst_idx,src_cell_id,dst_cell_id,ligand,receptor,pathway,mechanism,distance_px,coexpr,causal_score,strength,score
simulation_data,sample3,572,1071,573,1072,LIG05,REC05,Synthetic,Secreted Signaling,50.0,2.870410442352295,0.9506487250328064,0.9529371857643127,1.0
simulation_data,sample3,264,1305,265,1306,LIG05,REC05,Synthetic,Secreted Signaling,48.50773239135742,3.3205792903900146,0.9391419887542725,0.930900514125824,0.9883326292037964
simulation_data,sample3,348,1305,349,1306,LIG05,REC05,Synthetic,Secreted Signaling,41.59326934814453,3.3205792903900146,0.9391419887542725,0.9307558536529541,0.9882560968399048
simulation_data,sample3,572,1305,573,1306,LIG05,REC05,Synthetic,Secreted Signaling,37.2155876159668,2.870410442352295,0.9391419887542725,0.930618166923523,0.9881832003593445
simulation_data,sample3,572,823,573,824,LIG07,REC07,Synthetic,Secreted Signaling,36.67424011230469,1.6445072889328003,0.9990776777267456,0.9175801277160645,0.9812802076339722
simulation_data,sample3,552,803,553,804,LIG06,REC06,Synthetic,Secreted Signaling,48.010414123535156,1.4344520568847656,0.9966623783111572,0.898935854434967,0.971409022808075
simulation_data,sample3,248,935,249,936,LIG05,REC05,Synthetic,Secreted Signaling,48.83646011352539,3.3205792903900146,0.8980230093002319,0.891384482383728,0.9674109816551208
