dataset_id,sample_id,src_idx,dst_idx,src_cell_id,dst_cell_id,ligand,receptor,pathway,mechanism,distance_px,coexpr,causal_score,strength,score
simulation_data,sample4,107,955,108,956,LIG04,REC04,Synthetic,Secreted Signaling,46.173583984375,2.0180773735046387,0.9594209790229797,0.9500373601913452,1.0
simulation_data,sample4,383,1043,384,1044,LIG04,REC04,Synthetic,Secreted Signaling,38.832977294921875,2.2816357612609863,0.7460026144981384,0.8848109245300293,0.9643602967262268
simulation_data,sample4,21,1043,22,1044,LIG04,REC04,Synthetic,Secreted Signaling,32.140316009521484,1.9176732301712036,0.7460026144981384,0.8846632838249207,0.9642795920372009
simulation_data,sample4,365,1043,366,1044,LIG04,REC04,Synthetic,Secreted Signaling,38.327537536621094,2.909168004989624,0.7460026144981384,0.8843203186988831,0.9640923142433167
simulation_data,sample4,591,1043,592,1044,LIG04,REC04,Synthetic,Secreted Signaling,45.0,3.738706350326538,0.7460026144981384,0.8843201994895935,0.9640921354293823
simulation_data,sample4,570,1419,571,1420,LIG04,REC04,Synthetic,Secreted Signaling,47.51841735839844,2.67984938621521,0.8466713428497314,0.8371459245681763,0.9383162260055542
