dataset_id,sample_id,src_idx,dst_idx,src_cell_id,dst_cell_id,ligand,receptor,pathway,mechanism,distance_px,coexpr,causal_score,strength,score
simulation_data,sample2,397,857,398,858,LIG10,REC10,Synthetic,Secreted Signaling,44.04542922973633,4.205929756164551,0.9465576410293579,0.9497753977775574,1.0
simulation_data,sample2,527,784,528,785,LIG07,REC07,Synthetic,Secreted Signaling,49.57822036743164,3.467686414718628,0.998706579208374,0.8884754776954651,0.9666299223899841
simulation_data,sample2,182,1327,183,1328,LIG02,REC02,Synthetic,Secreted Signaling,46.3249397277832,3.168459177017212,0.9837527275085449,0.8883156776428223,0.9665429592132568
simulation_data,sample2,130,1388,131,1389,LIG10,REC10,Synthetic,Secreted Signaling,33.42155075073242,2.1159884929656982,0.6870117783546448,0.818102240562439,0.9283207058906555
simulation_data,sample2,256,1388,257,1389,LIG10,REC10,Synthetic,Secreted Signaling,42.43819046020508,2.5104451179504395,0.6870117783546448,0.8171224594116211,0.9277873039245605
