dataset_id,sample_id,src_idx,dst_idx,src_cell_id,dst_cell_id,ligand,receptor,pathway,mechanism,distance_px,coexpr,causal_score,strength,score
simulation_data,sample1,528,1230,529,1231,LIG04,REC04,Synthetic,Secreted Signaling,44.0113639831543,2.486910104751587,0.5156405568122864,0.8783035278320312,1.0
simulation_data,sample1,425,1230,426,1231,LIG04,REC04,Synthetic,Secreted Signaling,33.95585250854492,3.492583751678467,0.5156405568122864,0.8781421780586243,0.9999121427536011
simulation_data,sample1,162,1230,163,1231,LIG04,REC04,Synthetic,Secreted Signaling,31.064449310302734,3.492583751678467,0.5156405568122864,0.8780355453491211,0.9998541474342346
simulation_data,sample1,148,1230,149,1231,LIG04,REC04,Synthetic,Secreted Signaling,25.495098114013672,3.292819023132324,0.5156405568122864,0.8777813911437988,0.9997158050537109
simulation_data,sample1,34,691,35,692,LIG03,REC03,Synthetic,Secreted Signaling,30.805843353271484,1.9768890142440796,0.9998366832733154,0.8465118408203125,0.9826966524124146
simulation_data,sample1,97,802,98,803,LIG03,REC03,Synthetic,Secreted Signaling,47.423622131347656,2.7086586952209473,0.47680556774139404,0.8464316129684448,0.9826529026031494
simulation_data,sample1,94,1014,95,1015,LIG04,REC04,Synthetic,Secreted Signaling,48.83646011352539,2.8729841709136963,0.9919347763061523,0.8461116552352905,0.9824787974357605
simulation_data,sample1,446,1014,447,1015,LIG04,REC04,Synthetic,Secreted Signaling,48.27007293701172,2.6377828121185303,0.9919347763061523,0.8460296392440796,0.9824341535568237
simulation_data,sample1,31,691,32,692,LIG03,REC03,Synthetic,Secreted Signaling,30.870698928833008,1.1725260019302368,0.9998366832733154,0.8459744453430176,0.9824041724205017
